{"cameraMode":{"drawMode":0,"name":"Shaded","section":"Shading Mode"},"sceneLighting":false,"audioPlay":false,"sceneViewState":{"m_AlwaysRefresh":false,"showFog":true,"showSkybox":true,"showFlares":true,"showImageEffects":true,"showParticleSystems":true,"showVisualEffectGraphs":true,"m_FxEnabled":true},"in2DMode":false,"pivot":{"x":0.13873359560966493,"y":0.5768030881881714,"z":0.5695394277572632},"rotation":{"x":-0.11775470525026322,"y":0.4107913672924042,"z":0.0533008836209774,"w":0.9026709198951721},"size":0.2999967634677887,"orthographic":false}